{"state": "NEW_SESSION", "recvtime": "18, 02, 15, 13, 35, 15", "time": [2000, 1, 1, 0, 0, 1, 5, 1]}
{"recvtime": "18, 02, 15, 13, 36, 17", "temperature": 387.2, "accelData": {"y": 0.136972, "x": 0.0727966, "z": 9.43721, "xynorm": 0.155115, "norm": 9.43848}, "time": [2000, 1, 1, 0, 1, 1, 5, 1], "state": "MEASURING", "activity": 0}
{"recvtime": "18, 02, 15, 13, 37, 21", "temperature": 467.2, "accelData": {"y": -6.91854, "x": 1.13984, "z": 6.77152, "xynorm": 7.01181, "norm": 9.74776}, "time": [2000, 1, 1, 0, 2, 0, 5, 1], "state": "MEASURING", "activity": 25.0}
{"recvtime": "18, 02, 15, 13, 38, 25", "temperature": 524.8, "accelData": {"y": -7.03684, "x": 1.47988, "z": 6.5809, "xynorm": 7.19077, "norm": 9.74759}, "time": [2000, 1, 1, 0, 3, 0, 5, 1], "state": "MEASURING", "activity": 12.0}
{"recvtime": "18, 02, 15, 13, 39, 29", "temperature": 611.2, "accelData": {"y": 0.0838119, "x": 0.0234673, "z": 9.4966, "xynorm": 0.0870353, "norm": 9.49699}, "time": [2000, 1, 1, 0, 4, 0, 5, 1], "state": "MEASURING", "activity": 7.4}
{"recvtime": "18, 02, 15, 13, 40, 34", "temperature": 556.8, "accelData": {"y": 0.0737544, "x": 0.00862066, "z": 9.42811, "xynorm": 0.0742565, "norm": 9.4284}, "time": [2000, 1, 1, 0, 5, 0, 5, 1], "state": "MEASURING", "activity": 13.0}
{"recvtime": "18, 02, 15, 13, 41, 38", "temperature": 515.2, "accelData": {"y": 0.0905168, "x": 0.0340036, "z": 9.39314, "xynorm": 0.096693, "norm": 9.39364}, "time": [2000, 1, 1, 0, 6, 0, 5, 1], "state": "MEASURING", "activity": 7.4}
{"recvtime": "18, 02, 15, 13, 42, 42", "temperature": 486.4, "accelData": {"y": 0.0723176, "x": 0.00622601, "z": 9.48127, "xynorm": 0.0725851, "norm": 9.48154}, "time": [2000, 1, 1, 0, 7, 0, 5, 1], "state": "MEASURING", "activity": 1.28}
{"recvtime": "18, 02, 15, 13, 43, 46", "temperature": 419.2, "accelData": {"y": 0.0785437, "x": 0.0272987, "z": 9.50522, "xynorm": 0.0831524, "norm": 9.50558}, "time": [2000, 1, 1, 0, 8, 0, 5, 1], "state": "MEASURING", "activity": 0.2}
{"recvtime": "18, 02, 15, 13, 44, 49", "temperature": 476.8, "accelData": {"y": 0.0751911, "x": 0.0229884, "z": 9.44919, "xynorm": 0.0786268, "norm": 9.44951}, "time": [2000, 1, 1, 0, 9, 1, 5, 1], "state": "MEASURING", "activity": 0.0}
{"recvtime": "18, 02, 15, 13, 45, 53", "temperature": 416.0, "accelData": {"y": 0.0756701, "x": 0.0416665, "z": 9.40896, "xynorm": 0.0863832, "norm": 9.40935}, "time": [2000, 1, 1, 0, 10, 0, 5, 1], "state": "MEASURING", "activity": 0.0}
{"recvtime": "18, 02, 15, 13, 46, 57", "temperature": 422.4, "accelData": {"y": 0.0167624, "x": 0.0737544, "z": 9.50857, "xynorm": 0.0756352, "norm": 9.50887}, "time": [2000, 1, 1, 0, 11, 0, 5, 1], "state": "MEASURING", "activity": 0.16}
{"recvtime": "18, 02, 15, 13, 48, 01", "temperature": 393.6, "accelData": {"y": 0.0565131, "x": 0.0632181, "z": 9.44775, "xynorm": 0.0847954, "norm": 9.44813}, "time": [2000, 1, 1, 0, 12, 0, 5, 1], "state": "MEASURING", "activity": 0.8}
{"recvtime": "18, 02, 15, 13, 49, 05", "temperature": 524.8, "accelData": {"y": 0.0239462, "x": 0.0373561, "z": 9.44918, "xynorm": 0.0443723, "norm": 9.44928}, "time": [2000, 1, 1, 0, 13, 0, 5, 1], "state": "MEASURING", "activity": 4.0}
{"recvtime": "18, 02, 15, 13, 50, 08", "temperature": 505.6, "accelData": {"y": 0.0603445, "x": 0.0301722, "z": 9.42763, "xynorm": 0.0674672, "norm": 9.42787}, "time": [2000, 1, 1, 0, 14, 1, 5, 1], "state": "MEASURING", "activity": 0.8}
{"recvtime": "18, 02, 15, 13, 51, 12", "temperature": 470.4, "accelData": {"y": 0.0340037, "x": 0.0325669, "z": 9.45062, "xynorm": 0.0470834, "norm": 9.45074}, "time": [2000, 1, 1, 0, 15, 0, 5, 1], "state": "MEASURING", "activity": 0.16}
{"state": "NEW_SESSION", "recvtime": "18, 02, 15, 13, 51, 37", "time": [2000, 1, 1, 0, 0, 5, 5, 1]}
{"recvtime": "18, 02, 15, 13, 52, 36", "temperature": 521.6, "accelData": {"y": 0.0613024, "x": 0.0431032, "z": 9.45302, "xynorm": 0.0749391, "norm": 9.45331}, "time": [2000, 1, 1, 0, 1, 5, 5, 1], "state": "MEASURING", "activity": 0}
{"recvtime": "18, 02, 15, 13, 53, 40", "temperature": 518.4, "accelData": {"y": 0.04454, "x": 0.0613024, "z": 9.45589, "xynorm": 0.0757746, "norm": 9.45619}, "time": [2000, 1, 1, 0, 2, 0, 5, 1], "state": "MEASURING", "activity": 0.0}
